title,link,user_name,date,description,category
"Thả quả cầu nung nóng tới 1000 độ C vào đá lạnh, kết cục sẽ khiến bạn bất ngờ!",https://quantrimang.com/khoa-hoc/tha-qua-cau-nung-nong-toi-1000-do-c-vao-da-lanh-182812,PP,09/07,"Điều gì xảy ra khi thả một quả cầu kim loại đã được nung nóng tới 1000 độ C vào đá lạnh? Để biết kết cục của cuộc ""đại chiến nhiệt độ"" này, kênh YouTube Fun đã thực hiện một thí nghiệm đặc biệt.",Khoa học vui
Sự thật ngã ngửa về nguồn gốc những thứ quen thuộc xung quanh chúng ta,https://quantrimang.com/khoa-hoc/nga-ngua-voi-su-that-ve-nguon-goc-nhung-thu-quen-thuoc-xung-quanh-chung-ta-179934,Hạnh,20/03,"Bạn có tin rằng Coca-cola ban đầu được sản xuất với mục đích giảm nghiện morphin, chữa đau đầu và giảm lo lắng không?",Khoa học vui
5 câu đố hình học rắc rối kiểm tra IQ,https://quantrimang.com/khoa-hoc/5-cau-do-hinh-hoc-rac-roi-kiem-tra-iq-175092,PP,12/09,"Dưới đây là 5 câu đố hình học rắc rối, mời các bạn tham gia giải đáp để kiểm tra khả năng tư duy của bản thân nhé.",Khoa học vui
5 câu đố hóc búa kiểm tra khả năng logic,https://quantrimang.com/khoa-hoc/5-cau-do-hoc-bua-kiem-tra-kha-nang-logic-175052,PP,10/09,Dưới đây là 5 câu đố hóc búa đòi hỏi bạn phải tư duy logic mới có thể tìm ra câu trả lời. Hãy cùng tham gia giải đố để thử thách bản thân và rèn luyện giúp cho bộ não hoạt động nhanh nhạy và chính xác nhé.,Khoa học vui
"Hera, máy bay lai xăng điện lớn nhất thế giới có khả năng sạc pin trên không",https://quantrimang.com/khoa-hoc/hera-may-bay-lai-xang-dien-lon-nhat-the-gioi-173705,PP,22/07,Hera - mẫu máy bay lai xăng điện lớn nhất thế giới do công ty Electric Aviation Group (EAG) đang phát triển có khả năng chở 70 hành khách và tầm hoạt động gần 1.500 km.,Khoa học vui
Cỗ máy này cần số lượt quay để hoàn thành một vòng nhiều hơn cả số nguyên tử trong vũ trụ,https://quantrimang.com/video/co-may-cua-bruin-170285,Cát Tường,09/03,"Nhà sáng chế Daniel de Bruin đã chế tạo một cỗ máy cực kỳ đặc biệt, để thực hiện một vòng quay đầy đủ nó cần khoảng thời gian dài hơn cả cuộc đời của một con người.",Khoa học vui
"Tại sao 1 phút có 60 giây, 1 giờ có 60 phút và 1 ngày có 24 giờ?",https://quantrimang.com/khoa-hoc/tai-sao-1-phut-co-60-giay-1-gio-co-60-phut-1-ngay-co-24-gio-169824,Cát Tường,18/02,"Nhờ các nền văn minh cổ đại đã xác định và giữ gìn các quy tắc phân chia thời gian, xã hội hiện đại mới có những quy luật 1 ngày có 24 giờ, 1 giờ có 60 phút và 1 phút có 60 giây.",Khoa học vui
"Top 3 ảo giác ấn tượng nhất năm 2019, sẽ khiến bạn mất niềm tin vào thực tại",https://quantrimang.com/khoa-hoc/top-3-ao-giac-an-tuong-nhat-nam-year-168550,Nhật Vượng,18/12,"Dưới đây là 3 ảo giác ấn tượng đã đoạt giải ""Ảo giác ấn tượng nhất năm 2019"" do hiệp hội Neural Correlate bình chọn, với tiêu chí làm lú lẫn não bộ con người nhất.",Khoa học vui
Ảo ảnh thị giác khiến ảnh đen trắng thành có màu này sẽ khiến bạn hoang mang,https://quantrimang.com/khoa-hoc/ao-anh-thi-giac-khien-anh-den-trang-thanh-co-mau-nay-se-khien-ban-hoang-mang-165710,Quách Tỉnh,02/08,"Trong thời gian gần đây, cộng đồng mạng đang “phát sốt” về một loại ảo ảnh thị giác mới có thể khiến ảnh đen trắng biến thành có màu.",Khoa học vui
Những vật thể đơn giản nhưng có thể tạo ra ảo giác quang học khiến người xem bối rối,https://quantrimang.com/khoa-hoc/nhung-vat-the-don-gian-nhung-co-the-tao-ra-ao-giac-quang-hoc-khien-nguoi-xem-boi-roi-164696,Nga Bùi,24/06,Giáo sư Kokichi Sugihara đến từ Đại học Meiji đã sáng tạo ra những vật thể lạ trông hoàn toàn khác biệt khi nhìn qua gương.,Khoa học vui
Những bảng tuần hoàn có những hình dạng quái lạ nhất thế giới không phải ai cũng biết,https://quantrimang.com/khoa-hoc/nhung-bang-tuan-hoan-co-nhung-hinh-dang-quai-la-nhat-the-gioi-khong-phai-ai-cung-biet-163674,Nhật Linh,13/05,Có rất nhiều nhà khoa học đã cố gắng sắp xếp các nguyên tố hóa học thành bảng hợp lý. Những nỗ lực đó đã tạo ra những bảng tuần hoàn có những hình dạng quái lạ như thế này đây.,Khoa học vui
"Không phải graphene, borophene mới là vật liệu kỳ diệu của tương lai, con cưng mới của giới khoa học",https://quantrimang.com/khoa-hoc/khong-phai-graphene-borophene-moi-la-vat-lieu-ky-dieu-cua-tuong-lai-con-cung-moi-cua-gioi-khoa-hoc-163536,Nga Bùi,07/05,"Borophene, một lớp nguyên tử bo mỏng có thể được xếp thành nhiều cấu trúc tinh thể khác nhau, có thể ứng dụng vào nhiều ngành, sử dụng vào nhiều mục đích khác nhau.",Khoa học vui
"1 inch bằng bao nhiêu cm, m, mm, dm?",https://quantrimang.com/khoa-hoc/1-inch-bang-bao-nhieu-cm-163023,Minh Nguyen,25/12,"Việc biết được 1 inch bằng bao nhiêu cm, mm, m và các đơn vị đo chiều dài khác sẽ giúp chúng ta dễ dàng nắm bắt được thông tin hơn. Dưới đây là bảng quy đổi inch sang m, cm, km... cũng như cách để bạn chuyển đổi giữa các đơn vị đo lường này dễ dàng hơn.",Khoa học vui
Trắc nghiệm về kiến thức khoa học tổng hợp,https://quantrimang.com/khoa-hoc/trac-nghiem-ve-kien-thuc-khoa-hoc-tong-hop-159969,Nhật Linh,15/11,"Ở thử thách kiến thức khoa học kỳ này, hãy cùng thử tài giải mã cấu tạo của sao chổi, nhận diện đơn vị đo lường; sắp xếp thời gian ra đời của các phát minh… mục đích thực sự của chiếc khăn màu đỏ mà các đấu sĩ bò tót sử dụng hay thậm chí là cách thức ăn được tiêu hóa trong bụng chúng ta!",Khoa học vui
Trung Quốc đang xây dựng đường hầm gió siêu tốc nhanh nhất thế giới,https://quantrimang.com/khoa-hoc/trung-quoc-dang-xay-dung-duong-ham-gio-sieu-toc-nhanh-nhat-the-gioi-148258,Trương Huỳnh Dũng,11/04,"Trung Quốc đang xây dựng đường hầm siêu nhanh nhất thế giới để phát triển các phi thuyền, theo các phương tiện truyền thông nước này cho hay.",Khoa học vui
Trả lời được 10 câu đố này trong 7s chứng tỏ não bộ của bạn vô cùng đặc biệt đấy!,https://quantrimang.com/khoa-hoc/tra-loi-duoc-10-cau-do-nay-trong-7s-chung-to-nao-bo-cua-ban-vo-cung-dac-biet-day-147822,Nga Bùi,16/03,"Nếu bạn thuộc kiểu người tò mò và cho rằng mọi thứ trên đời đều có thể giải quyết được bằng tư duy logic, thì đây chính là những câu hỏi dành cho bạn. Hãy cùng Quản Trị Mạng trả lời 10 câu đố này trong 7s để xem não bộ của bạn có vô cùng đặc biệt hay không nhé!",Khoa học vui
Chọn một hình ảnh Mặt trời và bạn sẽ biết bí mật trong tính cách của mình là gì,https://quantrimang.com/khoa-hoc/chon-mot-hinh-anh-mat-troi-va-ban-se-biet-bi-mat-trong-tinh-cach-cua-minh-la-gi-147790,Ahihi,15/03,Ít ai ngờ được rằng những hình ảnh bình thường mà bạn yêu thích cũng có thể tiết lộ nhiều đặc điểm ẩn trong tính cách của bạn. Hãy cùng Quản Trị Mạng chọn một hình ảnh Mặt trời và bạn sẽ biết bí mật trong tính cách của mình là gì nhé!,Khoa học vui
"Để biết tuổi sinh học của bạn, hãy kiểm tra mẫu nước tiểu",https://quantrimang.com/khoa-hoc/de-biet-tuoi-sinh-hoc-cua-ban-hay-kiem-tra-mau-nuoc-tieu-147656,Trương Huỳnh Dũng,29/03,"Việc biết được tuổi sinh học của bạn cũng khá quan trọng, vì nó có thể được sử dụng để xác định nguy cơ mắc các bệnh liên quan đến tuổi tác hoặc thậm chí nguy cơ tử vong. Ngoài ra, điều quan trọng là phải biết tuổi sinh học của đối tượng thử nghiệm thì mới phát triển thuốc chống lão hóa được.",Khoa học vui
Carbon và gỗ kết hợp với nhau trong một chiếc xe đạp cong lượn kỳ quái,https://quantrimang.com/khoa-hoc/Carbon-va-go-ket-hop-voi-nhau-trong-mot-chiec-xe-dap-cong-luon-ky-quai-147650,Trương Huỳnh Dũng,30/03,Carbon và gỗ kết hợp với nhau trong một chiếc xe đạp cong lượn kỳ quái của Ryan Cargo.,Khoa học vui
"Bagger 293: Cỗ máy khổng lồ cao nhất trên mặt đất, nặng hơn 14.000 tấn",https://quantrimang.com/khoa-hoc/bagger-293-co-may-khong-lo-cao-nhat-the-gioi-nang-hon-14-000-tan-198553,Pham Trang,2 ngày,"Bagger 293 hay có tên gọi khác là MAN TAKRAF RB293, ra đời từ năm 1995, dù đã được 28 năm nhưng đến nay nó vẫn là một trong những phương tiện lớn nhất từng được con người chế tạo để khai thác than.",Khám phá khoa học
"Chiếc túi nhỏ hơn hạt muối có giá hơn... 1,5 tỷ đồng",https://quantrimang.com/khoa-hoc/chiec-tui-nho-hon-hat-muoi-co-gia-hon-1-5-ty-dong-198533,PP,3 ngày,"Công ty MSCHF đã chế tạo một chiếc túi siêu nhỏ có kích thước chỉ 657 x 222 x 700 micron (xấp xỉ 0,07 cm), nhỏ hơn hạt muối hay có thể chui lọt lỗ kim bằng phương pháp in 3D.",Khám phá khoa học
Bom nguyên tử hoạt động thế nào?,https://quantrimang.com/khoa-hoc/bom-nguyen-tu-hoat-dong-the-nao-198522,Pham Xuyen,4 ngày,"Bom nguyên tử (bom A), là loại vũ khí hủy diệt hàng loạt, với sức công phá lớn hơn bất kỳ vũ khí được quy ước nào.",Khám phá khoa học
"Lần đầu điên, bản đồ về ruột người được thiết lập",https://quantrimang.com/khoa-hoc/lan-dau-dien-ban-do-ve-ruot-nguoi-duoc-thiet-lap-198493,Pham Xuyen,5 ngày,Các nhà khoa học tại Trường Y khoa Stanford Medicine (Mỹ) đã sử dụng kỹ thuật hình ảnh tiên tiến mới nhất để lập được bản đồ về ruột người.,Khám phá khoa học
Siêu động cơ nặng 2.140 tấn của tàu chở hàng được chế tạo như thế nào,https://quantrimang.com/khoa-hoc/sieu-dong-co-nang-2-140-tan-cua-tau-cho-hang-duoc-che-tao-nhu-the-nao-198486,Nguyễn văn Linh,5 ngày,Để cung cấp lực cho một con tàu chở hàng khổng lồ có sức chứa tương đương 2.900 máy C919 các kỹ sư Trung Quốc đã chế tạo ra một trong những động cơ tàu thủy lớn nhất mà con người từng chế tạo.,Khám phá khoa học
"Vật thể nhân tạo nhanh nhất lịch sử, vận tốc đạt 532.000 km/h",https://quantrimang.com/khoa-hoc/vat-the-nhan-tao-nhanh-nhat-lich-su-198478,Pham Xuyen,6 ngày,"Parker Solar, tàu vũ trụ mang sứ mệnh nghiên cứu Mặt Trời, trở thành vật thể nhân tạo nhanh nhất lịch sử với vận tốc 532.000 km/h.",Khám phá khoa học
10 chiếc thẻ đen quyền lực nhất thế giới,https://quantrimang.com/khoa-hoc/10-chiec-the-den-quyen-luc-nhat-the-gioi-198468,Nguyễn Như Thùy,6 ngày,"Dưới đây là 10 thẻ đen quyền lực nhất thế giới với các điều kiện mở thẻ khác nhau, theo khảo sát của các ngân hàng số.",Khám phá khoa học
Tại sao bánh tàu hỏa gần giống hình nón chứ không phải hình tròn đều?,https://quantrimang.com/khoa-hoc/tai-sao-banh-tau-hoa-khong-phai-hinh-tron-deu-198433,Pham Xuyen,29/07,"Bánh tàu hỏa không phải hình trụ tròn đều hoàn hảo mà được thiết kế gần giống hình nón (phần có đường kính lớn hơn của bánh xe hình nón hướng vào trong, đường kính nhỏ hơn hướng ra ngoài đường ray) nhằm đảm bảo tàu không trật khỏi đường ray và dễ dàng chạy qua khúc cua.",Khám phá khoa học
Tại sao mây có nhiều màu sắc?,https://quantrimang.com/khoa-hoc/tai-sao-may-co-nhieu-mau-sac-198426,Pham Trang,6 ngày,"Đa phần mây trên trời có màu trắng pha một chút xám nhưng đôi khi lại xuất hiện những đám mây có nhiều màu sắc khác nhau như đen, hồng, tím, vàng, đỏ,…",Khám phá khoa học
Ấn nút xả bồn cầu toilet trên máy bay khi đang ngồi có nguy hiểm?,https://quantrimang.com/khoa-hoc/an-nut-xa-bon-cau-toilet-tren-may-bay-khi-dang-ngoi-co-nguy-hiem-198413,Pham Xuyen,28/07,"Gần đây, thông tin về vụ tai nạn khi sử dụng chiếc bồn cầu bên trong nhà vệ sinh trên máy bay được lan truyền trên mạng xã hội. Bài viết được đăng tải với tiêu đề: ""Đi cầu trên máy bay có thể chết người"", nhận được nhiều sự quan tâm.",Khám phá khoa học
Thái Lan trình làng 'Mặt Trời nhân tạo' đầu tiên,https://quantrimang.com/khoa-hoc/thai-lan-trinh-lang-mat-troi-nhan-tao-dau-tien-198406,Pham Trang,27/07,"Lò phản ứng nhiệt hạch Tokamak-1 của Thái Lan hợp tác với Trung Quốc phát triển bắt đầu vận hành hôm 25/7, đánh dấu cột mốc quan trọng trong nghiên cứu năng lượng bền vững và quan hệ hợp tác khoa học giữa hai nước.",Khám phá khoa học
Siêu đập 5 tỷ USD chắn ngang sông dài nhất thế giới,https://quantrimang.com/khoa-hoc/sieu-dap-5-ty-usd-chan-ngang-song-dai-nhat-the-gioi-198402,Nguyễn Tiến Linh,27/07,"Đập Grand Ethiopian Renaissance (GERD - Đại Phục Hưng Ethiopia) đang được Ethiopia xây dựng trên thượng nguồn sông Nile (đúng ra là trên phụ lưu sông Nile-Xanh) tại tỉnh Guba, Ethiopia (đông bắc châu Phi), là một công trình kỳ vĩ.",Khám phá khoa học
Lý do các công ty công nghệ thường chọn logo màu xanh lam,https://quantrimang.com/khoa-hoc/ly-do-cac-cong-ty-cong-nghe-thuong-chon-logo-mau-xanh-lam-198399,Pham Xuyen,27/07,"Bạn có nhận thấy rằng logo của hầu hết các hãng công nghệ thường có màu xanh lam như Facebook, LinkedIn, Skype và Telegram…? Theo chuyên gia, điều này đều liên quan đến tâm lý học tác động đến tâm lý của người dùng.",Khám phá khoa học
"Mỏ vàng sâu nhất thế giới nằm ở độ sâu 4km, đi thang máy 90 phút mới tới nơi",https://quantrimang.com/khoa-hoc/mo-vang-sau-nhat-the-gioi-198390,Pham Xuyen,6 ngày,"Mỏ vàng Mponeng, tại tỉnh Gauteng, Nam Phi là mỏ vàng sâu nhất thế giới hiện nay khi nằm ở độ sâu 4km bên dưới bề mặt Trái Đất.",Khám phá khoa học
Tại sao nền móng của tháp cao nhất thế giới Burj Khalifa phải được truyền điện 24/7,https://quantrimang.com/khoa-hoc/tai-sao-nen-mong-cua-thap-cao-nhat-the-gioi-burj-khalifa-phai-duoc-truyen-dien-24-7-198380,Pham Xuyen,26/07,Phần móng đặc biệt với thời gian xây dựng lên tới 2 năm giúp tháp Burj Khalifa cao hơn 800m ở Dubai chịu được sức gió 240 km/h.,Khám phá khoa học
10 đỉnh núi cao nhất Việt Nam,https://quantrimang.com/khoa-hoc/10-dinh-nui-cao-nhat-viet-nam-198363,Pham Xuyen,25/07,Danh sách 10 ngọn núi cao nhất Việt Nam với vẻ đẹp hùng vĩ mà thiên nhiên ban tặng.,Khám phá khoa học
Có tới hai ngọn núi khác vượt mặt Everest trở thành ngọn núi cao nhất thế giới,https://quantrimang.com/khoa-hoc/dinh-everest-khong-phai-ngon-nui-cao-nhat-the-gioi-198359,Pham Trang,29/07,Nếu xét nhiều góc độ khác nhau thì có tới hai ngọn núi vượt mặt Everest về chiều cao là đỉnh núi Chimborazo thuộc dải Andes và Mauna Kea ở quần đảo Hawaii trong khu vực Thái Bình Dương.,Khám phá khoa học
Mô phỏng vụ nổ tàu lặn Titan diễn ra chỉ trong vòng chưa đầy 14 mili giây,https://quantrimang.com/khoa-hoc/mo-phong-vu-no-tau-lan-titan-dien-ra-chi-trong-vong-chua-day-14-mili-giay-198318,Pham Trang,22/07,"Theo giả thuyết, dưới áp suất đại dương tàu lặn Titan nổ tung chỉ trong chớp mắt trong vòng chưa đầy 5 mili giây (1 mili giây bằng 1/1000 giây) và các mảnh vỡ chỉ cần chưa đầy 14 mili giây (14 phần nghìn giây) để phân tán khắp đại dương.",Khám phá khoa học
"Tòa nhà văn phòng lớn nhất thế giới, 660.000m2 diện tích mặt sàn",https://quantrimang.com/khoa-hoc/toa-nha-van-phong-lon-nhat-the-gioi-198311,Pham Xuyen,26/07,"Tòa nhà Surat Diamond Bourse ở Surat ở bang Gujarat, Ấn Độ, với 660.000 m2 diện tích mặt sàn đã vượt Lầu Năm Góc ở Mỹ để trở thành tòa nhà văn phòng lớn nhất thế giới.",Khám phá khoa học
"Kỳ lạ ngôi làng 100 năm không có muỗi, đến nay vẫn chưa có lời giải thích",https://quantrimang.com/khoa-hoc/ky-la-ngoi-lang-100-nam-khong-co-muoi-196990,Trần Nhung,15/05,"Làng Đinh Ốc Lĩnh (Ding Wuling), là một trong những ngôi làng bí ẩn nhất tại Trung Quốc bởi chưa từng xuất hiện muỗi ở đây trong khoảng 100 năm qua.",Bí ẩn - Chuyện lạ
5 cuốn sách kỳ lạ nhất lịch sử nhân loại,https://quantrimang.com/khoa-hoc/cuon-sach-ky-la-nhat-lich-su-nhan-loai-193634,PP,03/11,"Dưới đây là những cuốn sách kỳ quái từng xuất hiện trong lịch sử được viết bằng loại ngôn ngữ không ai đọc được, hoặc những kí tự khó hiểu… mà cho tới này vẫn chiến các nhà nghiên cứu bối rối.",Bí ẩn - Chuyện lạ
"5 vụ mất tích bí ẩn nhất thế giới, vĩnh viễn không có lời giải",https://quantrimang.com/khoa-hoc/5-vu-mat-tich-bi-an-nhat-the-gioi-193349,PP,19/10,"Dưới đây là 5 vụ mất tích bí ẩn, kỳ lạ trên thế giới, vĩnh viễn không có câu trả lời và mãi mãi là một ẩn số.",Bí ẩn - Chuyện lạ
'Đổ mồ hôi Anh' - Căn bệnh lạ gây ra cái chết bí ẩn cho hàng nghìn người và chưa từng có lời giải,https://quantrimang.com/khoa-hoc/do-mo-hoi-anh-can-benh-la-gay-ra-cai-chet-bi-an-cho-hang-nghin-nguoi-192829,PP,23/09,Một căn bệnh lạ đã bùng phát tại Anh vào cuối thế kỷ 15 gây ra cái chết bí ẩn cho hàng nghìn người. Căn bệnh lạ này có tên gọi là đổ mồ hôi Anh và cho tới nay vẫn là câu hỏi lớn của y học.,Bí ẩn - Chuyện lạ
Bức ảnh rõ nhất về UFO được công bố sau hơn 30 năm bị cất giấu,https://quantrimang.com/khoa-hoc/buc-anh-ro-nhat-ve-ufo-192231,Trần Nhung,27/08,"Sau 32 năm, ""Bức ảnh Calvine"" (Calvine Photograph) chụp vật thể lạ hình kim cương trên trời tại Scotland vào khoảng 21h ngày 4/8/1990 lần đầu tiên được công khai.",Bí ẩn - Chuyện lạ
Loạt ‘số điện thoại ma’ bạn không nên thử gọi,https://quantrimang.com/khoa-hoc/so-dien-thoai-ma-ban-khong-nen-thu-goi-190472,PP,07/06,Dưới đây những số điện thoại ma được cảnh báo chúng ta không nên thử gọi để tránh liên lạc với nhầm người hoặc một thứ gì đó đáng nhẽ phải để yên.,Bí ẩn - Chuyện lạ
"Bí ẩn thị trấn năm nào cũng hứng chịu ‘mưa cá’, các nhà khoa học cũng ‘bó tay’",https://quantrimang.com/khoa-hoc/mua-ca-189696,PP,10/05,"Mưa cá là một trong những hiện tượng thiên nhiên kỳ quái xảy ra ở một số nơi trên Trái đất. Tuy nhiên, chỉ có duy nhất thị trấn Yoro của Honduras là nơi có có trận mưa cá kỳ lạ xảy ra hàng năm, đôi khi diễn ra tới vài lần.",Bí ẩn - Chuyện lạ
Bí ẩn khúc gỗ dài 9m nổi thẳng đứng 120 năm trên hồ,https://quantrimang.com/khoa-hoc/bi-an-khuc-go-dai-9m-noi-thang-dung-120-nam-tren-ho-185652,PP,01/11,"Một thân cây đã nổi trên giữa lòng hồ Crater, bang Oregon hàng trăm năm nhưng không bị mục nát và luôn theo phương thẳng đứng, thay vì nằm ngang như thông thường khiến nhiều người không thể kinh ngạc.",Bí ẩn - Chuyện lạ
Cá voi lưng gù bất ngờ được phát hiện ở trên một con sông đầy cá sấu,https://quantrimang.com/khoa-hoc/ca-voi-lung-gu-tren-song-176820,Phạm Hải,15/11,"Trong những tháng gần đây, các nhà khoa học đã liên tục phát hiện ra những trường hợp cá voi lưng gù “tung tăng bơi lội” tại khu vực sông East Alligator đoạn chảy qua Vườn quốc gia Kakadu phía bắc Australia.",Bí ẩn - Chuyện lạ
Hải quân Hoa Kỳ chính thức công bố 3 video liên quan đến UFO,https://quantrimang.com/video/video-lien-quan-den-ufo-171471,PP,01/05,"Mới đây, Hải quân Hoa Kỳ đã chính thức đăng tải 3 đoạn video liên quan đến các vật thể bay không xác định (UFO) được quay bằng camera hồng ngoại.",Bí ẩn - Chuyện lạ
NASA chụp được tấm hình tảng băng lớn vuông chành chạnh,https://quantrimang.com/khoa-hoc/nasa-chup-duoc-tam-hinh-tang-bang-lon-vuong-chanh-chanh-159375,Ahihi,25/10,Nhưng không phải do người ngoài hành tinh làm nên đâu.,Bí ẩn - Chuyện lạ
Tàu đường sắt cao nhất thế giới leo lên sườn núi,https://quantrimang.com/khoa-hoc/Tau-duong-sat-cao-nhat-the-gioi-leo-len-suon-nui-145508,Trương Huỳnh Dũng,21/01,"Kết nối làng núi Stoos với thung lũng, đây là tuyến đường sắt dốc nhất cùng các chuyến tàu độc đáo đi trên đó cùng các cơ chế tự nghiêng để giữ hành khách thăng bằng khi tàu leo lên cao.",Bí ẩn - Chuyện lạ
Nhện phát ra cầu vồng từ bụng gây sốt,https://quantrimang.com/khoa-hoc/nhen-phat-ra-cau-vong-tu-bung-gay-sot-145491,Trương Huỳnh Dũng,19/01,Nhện cầu vồng (Maratus robinsoni) trở thành một loài nhện đặc biệt ở Úc có khả năng làm ra điều kỳ diệu tưởng chừng chỉ có sản phẩm công nghệ mới làm được.,Bí ẩn - Chuyện lạ
Leo núi Everest có thể dẫn đến bệnh tâm thần,https://quantrimang.com/khoa-hoc/Leo-nui-Everest-co-the-dan-den-benh-tam-than-145315,Trương Huỳnh Dũng,17/01,"Leo núi cao nhất trên thế giới như Everest thực sự có thể gây ra chứng rối loạn tâm thần, theo một nghiên cứu.",Bí ẩn - Chuyện lạ
Thái Bình Dương và 5 bí ẩn chưa có lời giải thách thức các nhà khoa học,https://quantrimang.com/khoa-hoc/thai-binh-duong-va-5-bi-an-chua-co-loi-giai-thach-thuc-cac-nha-khoa-hoc-143777,Thiên Lam,15/12,"Thái Bình Dương là đại dương lớn nhất trên Trái Đất với diện tích 161.800.000km2. Vùng biển rộng lớn và yên tĩnh này ẩn chứa rất nhiều bí ẩn khiến các nhà khoa học điên đầu giải mã nhưng cho tới nay vẫn không có lời giải như những nền văn minh đột ngột biến mất, những vụ mất tích máy bay bí ẩn, những quái thú khổng lồ...",Bí ẩn - Chuyện lạ
Bí ẩn hệ thống bẫy tinh vi và đầy nguy hiểm trong lăng mộ hơn 2000 năm của Tần Thủy Hoàng,https://quantrimang.com/khoa-hoc/bi-an-he-thong-bay-tinh-vi-va-day-nguy-hiem-trong-lang-mo-hon-2000-nam-cua-tan-thuy-hoang-143691,PP,13/12,"Lăng mộ của hoàng đế Tần Thủy Hoàng, một trong những bí ẩn khảo cổ mà cho tới nay vẫn đánh đố các nhà nghiên cứu. Nhiều người tin rằng, trong hầm mộ bí ẩn này có chứa hàng loạt cái bẫy chết người, để trừng trị bất cứ kẻ nào dám xâm phạm ""giấc ngủ"" của bậc đế vương.",Bí ẩn - Chuyện lạ
Những nhân vật bí ẩn nổi tiếng trong lịch sử chưa được xác định rõ danh tính cho tới ngày nay,https://quantrimang.com/khoa-hoc/nhung-nhan-vat-bi-an-noi-tieng-trong-lich-su-chua-duoc-xac-dinh-ro-danh-tinh-cho-toi-ngay-nay-143368,Bùi Thủy,02/12,"Trong lịch sử phát triển của nhân loại, rất nhiều nhân vật bí ẩn xuất hiện trong những sự kiện đặc biệt và trở nên nổi tiếng. Nhưng một số người trong số đó không thể xác định danh tính và trở thành bí ẩn lớn của nhân loại.",Bí ẩn - Chuyện lạ
"Phát hiện ""ăng-ten của người ngoài hành tinh"" trên Mặt Trăng?",https://quantrimang.com/khoa-hoc/phat-hien-ang-ten-cua-nguoi-ngoai-hanh-tinh-tren-mat-trang-143347,Nga Bùi,01/12,"Vật thể bí ẩn trên Mặt Trăng là gì? Thợ săn UFO khẳng định đã tìm thấy ""ăng-ten của người ngoài hành tinh"" trên Mặt Trăng. Mời các bạn cùng tìm hiểu!",Bí ẩn - Chuyện lạ
Black Knight: Phát hiện UFO trong các bức ảnh mới nhất của NASA,https://quantrimang.com/khoa-hoc/black-knight-vat-the-bay-khong-xac-dinh-duoc-tim-thay-trong-cac-hinh-anh-quay-quanh-mat-trang-cua-nasa-143312,Nga Bùi,30/11,Hãy cùng chúng tôi tìm hiểu về Black Knight: Vật thể bay không xác định được tìm thấy trong các hình ảnh “quay quanh Mặt Trăng” của NASA trong bài viết dưới đây nhé!,Bí ẩn - Chuyện lạ
Quái vật hồ Loch Ness và những bằng chứng gây tranh cãi nhất lịch sử,https://quantrimang.com/khoa-hoc/quai-vat-ho-loch-ness-va-nhung-bang-chung-gay-tranh-cai-nhat-lich-su-143307,Minh Nguyen,30/11,"Nessie - Quái vật hồ Loch Ness là một trong những sinh vật bí ẩn nhất hành tinh. Trong gần hai thế kỷ từ khi được phát hiện lần đầu tiên đến nay, đã có hơn 3000 người nhìn thấy sinh vật bí ẩn này nhưng cho tới nay các nhà khoa học vẫn chưa thể chứng minh Nessie có thực sự tồn tại hay không?",Bí ẩn - Chuyện lạ
Cách massage cho bà bầu đơn giản nhưng hiệu quả,https://quantrimang.com/khoa-hoc/cach-massage-cho-ba-bau-don-gian-nhung-hieu-qua-198489,Kandy Kandy,5 ngày,"Massage cho bà bầu không hề khó như nhiều người vẫn nghĩ. Thực tế có những cách massage cho mẹ bầu đơn giản, dễ thực hiện nhưng vô cùng hiệu quả.",Chăm sóc Sức khỏe
Cách tập thể dục tốt nhất theo độ tuổi,https://quantrimang.com/khoa-hoc/cach-tap-the-duc-tot-nhat-theo-do-tuoi-198474,Trần Nhung,6 ngày,"Thể lực và khả năng tập luyện ở mỗi độ tuổi là khác nhau. Tiến sĩ Mickey Mehta, chuyên gia sức khỏe hàng đầu Ấn Độ, khuyên mọi người hãy tập chậm rãi, phù hợp với độ tuổi và dưới mức tối đa giúp giải phóng năng lượng, chứ không nên cơ thể đến mức kiệt sức.",Chăm sóc Sức khỏe
Ăn cơm nguội tốt cho ruột hơn cơm nóng,https://quantrimang.com/khoa-hoc/an-com-nguoi-tot-cho-ruot-hon-com-nong-198464,Trần Khánh Toàn,6 ngày,"Có một điều ít ai biết là ăn cơm nguội tốt hơn ăn cơm nóng. Với cơm trắng, khi còn nóng sẽ có hàm lượng tinh bột ở mức bình thường.",Chăm sóc Sức khỏe
Tại sao không nên tắm ngay trước khi đi ngủ?,https://quantrimang.com/cuoc-song/tai-sao-khong-nen-tam-ngay-truoc-khi-di-ngu-198383,Kandy Kandy,26/07,"Cảm giác thật tuyệt nếu đi ngủ sau khi tắm rửa sạch sẽ bằng nước ấm, thế nhưng, theo y học, hành động này không phải cách hay để có giấc ngủ ngon.",Chăm sóc Sức khỏe
Nhóm máu có tốc độ lão hóa não bộ nhanh nhất,https://quantrimang.com/khoa-hoc/nhom-mau-co-toc-do-lao-hoa-nao-bo-nhanh-nhat-198340,Pham Xuyen,24/07,Những người có nhóm máu AB có xác suất mắc các vấn đề về tư duy và trí nhớ cao hơn 82% so với những người ở các nhóm máu khác.,Chăm sóc Sức khỏe
Ăn trứng gà sống có lợi hay có hại?,https://quantrimang.com/khoa-hoc/an-trung-song-co-thuc-su-tot-197749,Pham Trang,19/06,Trứng gà là một trong những thực phẩm lành mạnh chứa nhiều chất dinh dưỡng tốt cho sức khỏe. Nhiều người thường có sở thích ăn hoặc uống trứng gà sống hoặc tái. Vậy ăn trứng gà sống có tốt không?,Chăm sóc Sức khỏe
Ăn tỏi có giúp xua đuổi muỗi không?,https://quantrimang.com/khoa-hoc/an-toi-co-giup-xua-duoi-muoi-khong-197218,Phạm Hải,26/05,"Ở những quốc gia nhiệt đới với khí hậu nóng ẩm như Việt Nam, muỗi thực sự là một vấn đề lớn.",Chăm sóc Sức khỏe
Ngủ không đủ giấc có thể gây ảnh hưởng xấu đến sức khỏe tim mạch,https://quantrimang.com/khoa-hoc/ngu-khong-du-giac-anh-huong-xau-den-tim-mach-196092,Hà Nguyễn,22/03,"Việc liên tục mất ngủ sẽ làm tăng nguy cơ gặp phải nhiều triệu chứng bệnh liên quan đến thể chất và tinh thần khác nhau, bao gồm cả sức khỏe tim mạch của bạn.",Chăm sóc Sức khỏe
Cà phê có thể làm cơ thể bạn mất nước không?,https://quantrimang.com/khoa-hoc/ca-phe-co-the-lam-co-the-ban-mat-nuoc-khong-194813,Phạm Hải,17/01,Cà phê từ lâu được biết đến như một thức uống giàu lợi ích cho sức khỏe.,Chăm sóc Sức khỏe
Đặt điện thoại di động bên cạnh khi ngủ có hại không?,https://quantrimang.com/khoa-hoc/dat-dien-thoai-di-dong-ben-canh-khi-ngu-co-hai-khong-194701,Phạm Hải,09/01,"Trong thời đại mà smartphone trở thành “vật bất ly thân” như hiện nay, rất nhiều người trong số chúng ta có thói quen sử dụng điện thoại để giải trí cho đến khi chìm vào giấc ngủ.",Chăm sóc Sức khỏe
5 tác hại của thói quen dụi mắt ảnh hưởng đến ngoại hình và sức khỏe của bạn,https://quantrimang.com/khoa-hoc/tac-hai-cua-thoi-quen-dui-mat-194642,Trần Nhung,29/12,"Da dưới mắt là vùng mỏng nhất trên cơ thể vì vậy, việc dụi mắt cũng giống như đang mạnh tay chà xát một cánh hoa hồng, có thể ảnh hưởng nghiêm trọng đến ngoại hình và sức khỏe đôi mắt của bạn.",Chăm sóc Sức khỏe
5 sai lầm khi đi ngủ trong mùa đông gây hại tới sức khỏe,https://quantrimang.com/khoa-hoc/sai-lam-khi-di-ngu-trong-mua-dong-194530,PP,29/12,Dưới đây là những thói quen ngủ sai lầm trong mùa đông gây hại tới sức khỏe mà nhiều người thường hay mắc phải.,Chăm sóc Sức khỏe
Đi tất khi ngủ có tốt không?,https://quantrimang.com/khoa-hoc/di-tat-khi-ngu-co-tot-khong-194486,PP,21/12,Có nên đi tất khi ngủ hay không? Đây là thắc mắc của nhiều người bởi đi tất khi ngủ có thể giúp giữ ấm đôi chân nhưng nếu đi không đúng cách cũng có những tác hại của nó.,Chăm sóc Sức khỏe
5 thói quen khi đi vệ sinh gây hại nhiều người mắc phải,https://quantrimang.com/khoa-hoc/5-thoi-quen-khi-di-ve-sinh-gay-hai-194296,PP,10/12,"Đi tiểu khi không buồn, đi tiểu khi tắm… là những thói quen xấu khi đi vệ sinh gây ảnh hưởng xấu đến sức khỏe mà không phải ai cũng biết.",Chăm sóc Sức khỏe
"8 lầm tưởng về chạy bộ, ai cũng nên biết để chạy hiệu quả hơn",https://quantrimang.com/khoa-hoc/10-lam-tuong-ve-chay-bo-193283,PP,14/10,"Chạy bộ là môn thể thao phổ biến được nhiều người lựa chọn để rèn luyện sức khỏe. Tuy nhiên, có rất nhiều người hiểu sai về chạy bộ khiến việc luyện tập không đạt hiệu quả như mong muốn.",Chăm sóc Sức khỏe
Ăn nhiều cà rốt có thực sự làm da bạn chuyển thành màu cam không?,https://quantrimang.com/khoa-hoc/an-nhieu-ca-rot-lam-da-ban-chuyen-thanh-mau-cam-khong-193231,Phạm Hải,16/10,"Cà rốt là một món ăn ngon, bổ, rẻ đúng nghĩa mà thiên nhiên ban tặng cho chúng ta.",Chăm sóc Sức khỏe
Chiều cao cân nặng chuẩn của nam giới và nữ giới Việt Nam,https://quantrimang.com/khoa-hoc/chieu-cao-can-nang-chuan-cua-nam-gioi-va-nu-gioi-viet-nam-191215,PP,09/07,Chiều cao cân nặng của nam và nữ giới Việt Nam bao nhiêu là chuẩn?,Chăm sóc Sức khỏe
9 việc cần làm sau một đêm mất ngủ để lấy lại năng lượng và tỉnh táo để làm việc,https://quantrimang.com/khoa-hoc/viec-can-lam-sau-mot-dem-mat-ngu-190060,PP,19/05,"Nếu như đêm trước mất ngủ, bạn sẽ phải làm gì để vượt qua cả một ngày hôm sau. Dưới đây là 9 việc bạn nên làm để lấy lại năng lượng và sự tỉnh táo cho một ngày làm việc.",Chăm sóc Sức khỏe
Lý do nên đánh răng chỉ một lần mỗi ngày,https://quantrimang.com/khoa-hoc/ly-do-nen-danh-rang-chi-mot-lan-moi-ngay-189522,PP,23/04,"Nhiều chuyên gia nha khoa khuyên rằng, chỉ nên đánh răng 1 lần mỗi ngày là đủ để ngăn chặn các vấn đề về răng miệng như răng bớt nhạy cảm, tốt cho nướu…",Chăm sóc Sức khỏe
Phát hiện hơi nước trong khu vực hình thành hành tinh của một ngôi sao,https://quantrimang.com/khoa-hoc/phat-hien-hoi-nuoc-trong-khu-vuc-hinh-thanh-hanh-tinh-cua-mot-ngoi-sao-198506,Phạm Hải,7 giờ,Các nhà thiên văn học quốc tế đã bất ngờ phát hiện ra sự tồn tại của hơi nước trong khu vực hình thành hành tinh của một ngôi sao,Khoa học Vũ trụ
Ngôi sao cô đơn phát sáng lấp lánh trên nền một thiên hà vô định hình trong con mắt của kính thiên văn Hubble,https://quantrimang.com/khoa-hoc/thien-ha-vo-dinh-hinh-trong-con-mat-cua-kinh-thien-van-hubble-198377,Phạm Hải,29/07,"Đến hẹn lại lên, thêm một bức ảnh ấn tượng nữa vừa được Kính viễn vọng Không gian Hubble gửi về Trái đất",Khoa học Vũ trụ
"Phát hiện sao lùn trắng kỳ lạ, bị chia đôi bởi khí hidro và heli",https://quantrimang.com/khoa-hoc/phat-hien-sao-lun-trang-ky-la-bi-chia-doi-boi-khi-hidro-va-heli-198337,Phạm Hải,27/07,"Do sở hữu đặc điểm ngoại hình kỳ lạ, sao lùn trắng này đã được đặt biệt danh là Janus, theo tên của vị thần La Mã có hai khuôn mặt.",Khoa học Vũ trụ
Ngôi sao này đã “xé nhỏ” người bạn đồng hành để tạo ra một tinh vân tuyệt đẹp hiếm gặp,https://quantrimang.com/khoa-hoc/ngoi-sao-tao-ra-mot-tinh-van-tuyet-dep-198253,Phạm Hải,26/07,Không quá khi nói rằng tinh vân là một trong những cấu trúc đẹp nhất được tìm thấy trong không gian.,Khoa học Vũ trụ
Chiêm ngưỡng khoảnh khắc đẹp ma mị của hệ sao Rho Ophiuchi dưới con mắt của kính thiên văn James Webb,https://quantrimang.com/khoa-hoc/khoanh-khac-duoi-con-mat-cua-kinh-thien-van-james-webb-198203,Phạm Hải,20/07,"Từ cuối thập niên 1990, NASA đã phối hợp cùng Cơ quan Vũ trụ châu Âu để phát triển James Webb, với kinh phí khoảng 10 tỷ USD.",Khoa học Vũ trụ
Phát hiện lỗ đen siêu lớn đang hoạt động ở khoảng cách xa chưa từng thấy,https://quantrimang.com/khoa-hoc/phat-hien-lo-den-sieu-lon-dang-hoat-dong-o-khoang-cach-xa-chua-tung-thay-198093,Phạm Hải,16/07,"Thông thường, một lỗ đen điển hình có thể có khối lượng gấp khoảng 10 lần khối lượng của mặt trời. Tuy nhiên các lỗ đen siêu lớn thường nặng hơn nhiều.",Khoa học Vũ trụ
Chiêm ngưỡng hình ảnh Sao Thổ “rất khác” dưới con mắt của kính thiên văn Hubble,https://quantrimang.com/khoa-hoc/chiem-nguong-hinh-anh-sao-tho-rat-khac-198017,Phạm Hải,09/07,Kính viễn vọng không gian đắt nhất thế giới James Webb vừa tiếp tục cho thấy tầm quan trọng khó thay thế của mình trong lĩnh vực nghiên cứu thiên văn học.,Khoa học Vũ trụ
Máy bay Virgin Galactic chở khách lên vũ trụ 'du lịch' thành công,https://quantrimang.com/khoa-hoc/may-bay-virgin-galactic-cho-khach-len-vu-tru-thanh-cong-197966,Pham Xuyen,30/06,Công ty Virgin Galactic thực hiện thành công chuyến bay thương mại đầu tiên chở 4 hành khách lên không gian cận quỹ đạo và trở lại Trái Đất từ cảng vũ trụ Spaceport America ở New Mexico vào ngày 29/6 trong nhiệm vụ mang tên Galactic 01.,Khoa học Vũ trụ
Các thành phần của vũ trụ,https://quantrimang.com/khoa-hoc/cac-thanh-phan-cua-vu-tru-197742,Pham Xuyen,19/06,"Đến nay, các nhà khoa học đồng ý rằng, vũ trụ có ba phần riêng biệt gồm: vật chất đo lường được, năng lượng tối và vật chất tối.",Khoa học Vũ trụ
Chiêm ngưỡng hình ảnh thiên hà sứa kỳ lạ qua con mắt của kính thiên văn Hubble,https://quantrimang.com/khoa-hoc/thien-ha-sua-ky-la-197654,Phạm Hải,18/06,Thiên hà sứa JO206 chính là tâm điểm của hình ảnh tuyệt đẹp mới được chụp bởi hệ thống Wide Field Camera 3 của Hubble.,Khoa học Vũ trụ
"Hành tinh có gió nhanh nhất hệ Mặt Trời, đạt tốc độ 2.400 km/h",https://quantrimang.com/khoa-hoc/hanh-tinh-co-gio-nhanh-nhat-he-mat-troi-197556,Trần Nhung,07/06,"Sao Hải Vương rất thú vị, trên hành tinh này có những cơn gió nhanh nhất hệ mặt trời. Chúng là những đám mây cuộn xoáy, cực mạnh với tốc độ cực nhanh lên đến 2.400km/h.",Khoa học Vũ trụ
Phát hiện những cột nước khổng lồ trên mặt trăng Enceladus của sao Thổ,https://quantrimang.com/khoa-hoc/nhung-cot-nuoc-khong-lo-tren-mat-trang-enceladus-cua-sao-tho-197495,Phạm Hải,09/06,"Nước được coi là một trong những nhân tố thiết yếu cấu thành nên sự sống, đồng thời cũng là hợp chất hóa học được con người nghiên cứu nhiều nhất trong vũ trụ.",Khoa học Vũ trụ
Siêu kính thiên văn James Webb bắt đầu điều tra bí ẩn nguồn nước trên Trái đất,https://quantrimang.com/khoa-hoc/james-webb-bat-dau-dieu-tra-bi-an-nguon-nuoc-tren-trai-dat-197477,Phạm Hải,05/06,Nguồn gốc của nước trên Trái Đất từ lâu đã là một trong những câu hỏi gây tranh cãi lớn trong giới khoa học.,Khoa học Vũ trụ
"Lần đầu tiên livestream từ sao Hỏa, lúc 23h00 hôm nay",https://quantrimang.com/khoa-hoc/lan-dau-tien-livestream-tu-sao-hoa-luc-23h00-hom-nay-197460,Pham Xuyen,02/06,"Vào lúc 23h00 hôm nay, cơ quan Vũ trụ châu Âu (ESA) sẽ thực hiện buổi livestream đầu tiên từ sao Hỏa với tàu vũ trụ Mars Express nhằm kỷ niệm 20 năm ngày phóng tàu.",Khoa học Vũ trụ
Hubble bắt đầu sứ mệnh săn lùng các lỗ đen cỡ trung khó xác định,https://quantrimang.com/khoa-hoc/hubble-bat-dau-su-menh-san-lung-cac-lo-den-co-trung-kho-xac-dinh-197369,Phạm Hải,04/06,"Xuyên suốt chiều dài lịch sử nghiên cứu thiên văn học, nhân loạn đã tìm thấy rất nhiều lỗ đen “cơ nhỏ”, với khối lượng thấp hơn 100 lần so với mặt trời.",Khoa học Vũ trụ
Chiêm ngưỡng khoảnh khắc hàng triệu ngôi sao mới được sinh ra trong tinh vân Lupus 3,https://quantrimang.com/khoa-hoc/chiem-nguong-khoanh-khac-hang-trieu-ngoi-sao-moi-duoc-sinh-ra-trong-tinh-van-lupus-3-197325,Phạm Hải,31/05,Các nhà khoa học quốc tế vừa công bố một hình ảnh mới tuyệt đẹp cho thấy quá trình hình thành sao bên trong một tinh vân nằm cách xa Trái Đất 500 năm ánh sáng.,Khoa học Vũ trụ
"Bức ảnh Mặt Trăng ghép từ 280.000 tấm hình cực chi tiết lên đến 1,3 gigapixel",https://quantrimang.com/khoa-hoc/buc-anh-mat-trang-ghep-tu-280-000-tam-hinh-197160,Pham Xuyen,20/05,"Nhà chụp ảnh thiên văn Andrew McCarthy sử dụng 280.000 bức ảnh ghép lại với nhau để có được bức ảnh “GigaMoon”, hình ảnh Mặt Trăng cực chi tiết lên đến 1,3 gigapixel.",Khoa học Vũ trụ
Hành tinh 'cá voi trắng' lần đầu tiên được quan sát bởi kính viễn vọng 10 tỷ USD,https://quantrimang.com/khoa-hoc/hanh-tinh-ca-voi-trang-197133,Phạm Hải,19/05,"Việc nghiên cứu các hành tinh xa xôi khiến các nhà khoa học gặp nhiều khó khăn không chỉ vì khoảng cách vật lý, mà còn bởi chúng có thể ẩn chứa những đặc tính khiến việc quan sát cũng như phân tích trở nên phức tạp hơn nhiều.",Khoa học Vũ trụ
"Phát hiện vụ nổ vũ trụ lớn nhất trong lịch sử, tạo ra nguồn sáng gấp 2 nghìn tỷ lần Mặt trời",https://quantrimang.com/khoa-hoc/phat-hien-vu-no-vu-tru-lon-nhat-trong-lich-su-197109,Phạm Hải,15/05,ụ nổ có thể bắt nguồn từ sự kiện hiếm gặp khi một đám mây khí khổng lồ bị nuốt chửng bởi hố đen cũng có kích thước siêu lớn.,Khoa học Vũ trụ
Sư tử bất lực trước bộ giáp cứng như thép của tê tê,https://quantrimang.com/khoa-hoc/su-tu-bat-luc-truoc-bo-giap-cung-nhu-thep-cua-te-te-198541,Pham Xuyen,3 ngày,Video ghi lại cuộc đụng độ giữa sư tử và tê tê vào một buổi tối tại khu bảo tồn quốc gia Masai Mara của Kenya.,Khám phá thiên nhiên
Cá sấu lao lên bờ tấn công sư tử để cướp mồi và cái kết,https://quantrimang.com/khoa-hoc/ca-sau-lao-len-bo-tan-cong-su-tu-de-cuop-moi-va-cai-ket-198482,Pham Trang,6 ngày,"Trong video, hai con sư tử cái háu đói và những đứa con nhỏ của chúng đang chuẩn bị ""bữa tiệc"" của mình sau khi cùng nhau hạ gục một con trâu rừng trưởng thành.",Khám phá thiên nhiên
‘Quả bóng thịt’ phun ra từ miệng lạc đà là gì?,https://quantrimang.com/khoa-hoc/qua-bong-thit-phun-ra-tu-mieng-lac-da-la-gi-198457,Pham Xuyen,31/07,"Lạc đà thường phun ra một cục thịt màu hồng từ miệng nó khiến nhiều người không khỏi cảm thấy kinh ngạc. Thực tế, quả bóng thịt đó chính là chiếc lưỡi của lạc đà đực khi động dục.",Khám phá thiên nhiên
Rết khổng lồ bắt gọn dơi đậu trong hang,https://quantrimang.com/khoa-hoc/ret-khong-lo-bat-gon-doi-dau-trong-hang-198258,Nguyễn Thi,19/07,"Trong video, rết khổng lồ Amazon - loài rết lớn nhất thế giới, bò lên trần hang và sử dụng nọc độc cực mạnh để bắt gọn những con dơi bay ngang qua.",Khám phá thiên nhiên
Báo hoa mai tung cú nhảy thần sầu để bắt khỉ ở cây đối diện,https://quantrimang.com/khoa-hoc/bao-hoa-mai-tung-cu-nhay-than-sau-de-bat-khi-o-cay-doi-dien-198235,Nguyễn văn Linh,18/07,Video ghi lại cảnh một con báo hoa mai nhảy từ cành cây này sang cành cây khác với khoảng cách vài mét để bắt một con khỉ đang chạy trốn.,Khám phá thiên nhiên
Kỹ năng săn mồi kỳ lạ: Mực nang thôi miên cua biển để ăn thịt,https://quantrimang.com/khoa-hoc/muc-nang-thoi-mien-cua-bien-de-an-thit-198217,Nguyễn Thi,17/07,Video ghi lại cảnh loài mực nang vân trắng (Sepia latimanus) sử dụng chiến thuật săn cua biển độc đáo ở vùng biển Indonesia khiến các nhà quay phim vô cùng thích thú.,Khám phá thiên nhiên
Đàn rái cá 'rủ nhau' lên bờ xem kỳ đà đánh nhau,https://quantrimang.com/khoa-hoc/dan-rai-ca-ru-nhau-len-bo-xem-ky-da-danh-nhau-198208,Nguyễn Thi,16/07,"Một người đàn ông tên Vincent Yip đã chia sẻ một video ghi lại cuộc đụng độ giữa hai con kỳ đà to lớn. Tuy nhiên, điều khiến video thu hút người xem lại là đàn rái cá hơn chục con bơi từ giữa sông lên tận bờ để “hóng”.",Khám phá thiên nhiên
Các loài chuồn chuồn phổ biến ở Việt Nam,https://quantrimang.com/khoa-hoc/cac-loai-chuon-chuon-pho-bien-o-viet-nam-198205,Nguyễn Tú,22/07,"Chuồn chuồn là loài côn trùng phổ biến và quen thuộc với nhiều người Việt Nam, đặc biệt ở các vùng nông thôn.",Khám phá thiên nhiên
"Loài rắn độc nhất Việt Nam, hổ mang chúa vẫn kém xa",https://quantrimang.com/khoa-hoc/ran-bien-peron-198204,Nguyễn Thi,16/07,"Đứng đầu danh sách các loài rắn độc nhất ở Việt Nam chính là loài rắn biển Peron hay còn gọi là rắn biển nọc đen, tên khoa học là Hydrophis peronii. Đây cũng là một trong những loài rắn biển lớn nhất và nguy hiểm nhất trên hành tinh này.",Khám phá thiên nhiên
Rùa đực đánh nhau để tranh bạn tình khiến rùa cái suýt chết vì ngột thở,https://quantrimang.com/khoa-hoc/rua-duc-danh-nhau-de-tranh-ban-tinh-khien-rua-cai-suyt-chet-vi-ngot-tho-198180,Nguyễn Tiến Linh,14/07,Video ghi lại cuộc chiến tranh giành quyền giao phối giữa hai rùa đực khiến một con rùa cái gần như chết đuối vì ngột thở.,Khám phá thiên nhiên
Cá có khát nước không?,https://quantrimang.com/khoa-hoc/ca-co-khat-nuoc-khong-198026,Ngo Xuan Lan,05/07,"Cá sống trong nước cả đời, nhưng chúng có khát nước không, hoặc chúng có uống nước không? Câu trả lời sẽ phụ thuộc vào nhiều yếu tố.",Khám phá thiên nhiên
"Báo gê-pa đụng độ sư tử, ai là kẻ chiến thắng?",https://quantrimang.com/khoa-hoc/bao-ge-pa-dung-do-su-tu-ai-la-ke-chien-thang-197973,Nguyễn Thi,01/07,Video ghi lại màn đụng độ hiếm hoi giữa sư tử và báo săn (hay còn gọi là báo gê-pa). Con báo săn đang nằm nghỉ trên bãi cỏ thì hai con sư tử xuất hiện. Chúng rón rén tiến lại gần con báo sắn.,Khám phá thiên nhiên
Trâu rừng bị tê giác hất 'ngã chổng vó' xuống đất và bị hất tung lên không,https://quantrimang.com/khoa-hoc/trau-rung-bi-te-giac-hat-nga-chong-vo-xuong-dat-va-bi-hat-tung-len-khong-197951,Nguyễn Thi,13/07,Video ghi lại màn đụng độ kịch tính giữa “hai cỗ xe tăng” là tê giác và trâu rừng cho thấy dù cùng là động vật ăn cỏ nhưng tính chất khốc liệt của nó không hề thua kém những màn săn mồi thứ thiệt.,Khám phá thiên nhiên
"Video: Bọ nước khổng lồ rình bắt rùa, cá, rắn ở dưới nước",https://quantrimang.com/khoa-hoc/video-bo-nuoc-khong-lo-rinh-bat-rua-ca-ran-o-duoi-nuoc-197933,Nguyễn Tiến,29/06,Bọ nước khổng lồ thuộc họ Lethocerinae dù chỉ có chiều dài cơ thể tối đa là 15cm nhưng là động vật săn mồi phàm ăn và là những thợ săn chuyên nghiệp.,Khám phá thiên nhiên
Loài cá cảnh đắt nhất thế giới gần 10 tỷ một con,https://quantrimang.com/khoa-hoc/ca-rong-bach-kim-197912,Nguyễn Tiến Linh,28/06,"Đứng đầu danh sách các loài cá đắt nhất thế giới là cá rồng bạch kim (Platinum Arowana), loài loài cá nước ngọt có nguồn gốc từ Đông Nam Á.",Khám phá thiên nhiên
Loài cáo nhỏ nhất thế giới,https://quantrimang.com/khoa-hoc/loai-cao-nao-nho-nhat-the-gioi-197818,Nguyễn văn Linh,26/06,Cáo Fennec là loài cáo nhỏ nhất thế giới với ngoại hình đáng yêu nhưng cực kỳ nhanh nhẹn và có thể sống trong điều kiện khắc nghiệt.,Khám phá thiên nhiên
Màn rượt đuổi đầy kịch tính giữa cáo sa mạc và chuột nhảy,https://quantrimang.com/khoa-hoc/man-ruot-duoi-day-kich-tinh-giua-cao-sa-mac-va-chuot-nhay-197797,Nguyễn Thi,21/06,"Video ghi lại quá trình cáo sa mạc truy đuổi chuột nhảy, sinh vật sở hữu đôi chân mạnh mẽ như kangaroo, đầy kịch tính tại bán đảo Arabia.",Khám phá thiên nhiên
"Loại vải thiều đắt nhất thế giới, từng bán 1 quả vải giá 1,8 tỷ đồng",https://quantrimang.com/khoa-hoc/loai-vai-thieu-dat-nhat-the-gioi-tung-ban-1-qua-vai-gia-1-8-ty-dong-197792,PP,21/06,"Năm 2002, 1 quả vải thiều Gia Lục nặng 14g từng được bán đấu giá với mức giá kỷ lục lên tới 550.000 NDT (khoảng 1,8 tỷ đồng vào thời điểm đó).",Khám phá thiên nhiên
Khoảnh khắc chim công sải cánh bay trên bầu trời tuyệt đẹp,https://quantrimang.com/khoa-hoc/khoanh-khac-chim-cong-sai-canh-bay-tren-bau-troi-cuc-hiem-197764,Nguyễn Thi,20/06,"Nhờ vào chiếc đuôi dài đặc trưng, khi chim công đực bay trên bầu trời tạo khiến nhiều người liên tưởng đến loài chim phượng hoàng trong truyền thuyết.",Khám phá thiên nhiên
